,date,level_1,0
0,1992 APR,Unemployment_rate_16_over,9.8
1,1992 APR,Unemployment_rate_Aged_16_17,24.2
2,1992 MAY,Unemployment_rate_16_over,9.8
3,1992 MAY,Unemployment_rate_Aged_16_17,26.3
4,1992 JUN,Unemployment_rate_16_over,9.9
5,1992 JUN,Unemployment_rate_Aged_16_17,26.7
6,1992 JUL,Unemployment_rate_16_over,9.9
7,1992 JUL,Unemployment_rate_Aged_16_17,25.5
8,1992 AUG,Unemployment_rate_16_over,9.9
9,1992 AUG,Unemployment_rate_Aged_16_17,24
10,1992 SEP,Unemployment_rate_16_over,10.1
11,1992 SEP,Unemployment_rate_Aged_16_17,24
12,1992 OCT,Unemployment_rate_16_over,10.2
13,1992 OCT,Unemployment_rate_Aged_16_17,24.3
14,1992 NOV,Unemployment_rate_16_over,10.4
15,1992 NOV,Unemployment_rate_Aged_16_17,24.5
16,1992 DEC,Unemployment_rate_16_over,10.5
17,1992 DEC,Unemployment_rate_Aged_16_17,24.7
18,1993 JAN,Unemployment_rate_16_over,10.7
19,1993 JAN,Unemployment_rate_Aged_16_17,24.1
20,1993 FEB,Unemployment_rate_16_over,10.6
21,1993 FEB,Unemployment_rate_Aged_16_17,24.6
22,1993 MAR,Unemployment_rate_16_over,10.6
23,1993 MAR,Unemployment_rate_Aged_16_17,24.8
24,1993 APR,Unemployment_rate_16_over,10.5
25,1993 APR,Unemployment_rate_Aged_16_17,24.3
26,1993 MAY,Unemployment_rate_16_over,10.4
27,1993 MAY,Unemployment_rate_Aged_16_17,23.7
28,1993 JUN,Unemployment_rate_16_over,10.4
29,1993 JUN,Unemployment_rate_Aged_16_17,23.8
30,1993 JUL,Unemployment_rate_16_over,10.3
31,1993 JUL,Unemployment_rate_Aged_16_17,25.2
32,1993 AUG,Unemployment_rate_16_over,10.2
33,1993 AUG,Unemployment_rate_Aged_16_17,25.6
34,1993 SEP,Unemployment_rate_16_over,10.3
35,1993 SEP,Unemployment_rate_Aged_16_17,26.9
36,1993 OCT,Unemployment_rate_16_over,10.2
37,1993 OCT,Unemployment_rate_Aged_16_17,25.8
38,1993 NOV,Unemployment_rate_16_over,10.3
39,1993 NOV,Unemployment_rate_Aged_16_17,25.8
40,1993 DEC,Unemployment_rate_16_over,10.3
41,1993 DEC,Unemployment_rate_Aged_16_17,25.4
42,1994 JAN,Unemployment_rate_16_over,10.1
43,1994 JAN,Unemployment_rate_Aged_16_17,24.6
44,1994 FEB,Unemployment_rate_16_over,9.9
45,1994 FEB,Unemployment_rate_Aged_16_17,24.6
46,1994 MAR,Unemployment_rate_16_over,9.8
47,1994 MAR,Unemployment_rate_Aged_16_17,24.4
48,1994 APR,Unemployment_rate_16_over,9.7
49,1994 APR,Unemployment_rate_Aged_16_17,25.6
50,1994 MAY,Unemployment_rate_16_over,9.7
51,1994 MAY,Unemployment_rate_Aged_16_17,25
52,1994 JUN,Unemployment_rate_16_over,9.6
53,1994 JUN,Unemployment_rate_Aged_16_17,25
54,1994 JUL,Unemployment_rate_16_over,9.5
55,1994 JUL,Unemployment_rate_Aged_16_17,22.9
56,1994 AUG,Unemployment_rate_16_over,9.4
57,1994 AUG,Unemployment_rate_Aged_16_17,23.2
58,1994 SEP,Unemployment_rate_16_over,9.3
59,1994 SEP,Unemployment_rate_Aged_16_17,23.3
60,1994 OCT,Unemployment_rate_16_over,9.1
61,1994 OCT,Unemployment_rate_Aged_16_17,22.1
62,1994 NOV,Unemployment_rate_16_over,9
63,1994 NOV,Unemployment_rate_Aged_16_17,20.5
64,1994 DEC,Unemployment_rate_16_over,8.9
65,1994 DEC,Unemployment_rate_Aged_16_17,20.6
66,1995 JAN,Unemployment_rate_16_over,8.9
67,1995 JAN,Unemployment_rate_Aged_16_17,21.9
68,1995 FEB,Unemployment_rate_16_over,8.9
69,1995 FEB,Unemployment_rate_Aged_16_17,21.6
70,1995 MAR,Unemployment_rate_16_over,8.8
71,1995 MAR,Unemployment_rate_Aged_16_17,23
72,1995 APR,Unemployment_rate_16_over,8.8
73,1995 APR,Unemployment_rate_Aged_16_17,21.7
74,1995 MAY,Unemployment_rate_16_over,8.7
75,1995 MAY,Unemployment_rate_Aged_16_17,22.6
76,1995 JUN,Unemployment_rate_16_over,8.7
77,1995 JUN,Unemployment_rate_Aged_16_17,22.3
78,1995 JUL,Unemployment_rate_16_over,8.6
79,1995 JUL,Unemployment_rate_Aged_16_17,23.3
80,1995 AUG,Unemployment_rate_16_over,8.6
81,1995 AUG,Unemployment_rate_Aged_16_17,24
82,1995 SEP,Unemployment_rate_16_over,8.6
83,1995 SEP,Unemployment_rate_Aged_16_17,23.2
84,1995 OCT,Unemployment_rate_16_over,8.6
85,1995 OCT,Unemployment_rate_Aged_16_17,23.9
86,1995 NOV,Unemployment_rate_16_over,8.3
87,1995 NOV,Unemployment_rate_Aged_16_17,22.6
88,1995 DEC,Unemployment_rate_16_over,8.4
89,1995 DEC,Unemployment_rate_Aged_16_17,23.1
90,1996 JAN,Unemployment_rate_16_over,8.3
91,1996 JAN,Unemployment_rate_Aged_16_17,22.5
92,1996 FEB,Unemployment_rate_16_over,8.2
93,1996 FEB,Unemployment_rate_Aged_16_17,23.7
94,1996 MAR,Unemployment_rate_16_over,8.3
95,1996 MAR,Unemployment_rate_Aged_16_17,25.1
96,1996 APR,Unemployment_rate_16_over,8.3
97,1996 APR,Unemployment_rate_Aged_16_17,24.8
98,1996 MAY,Unemployment_rate_16_over,8.3
99,1996 MAY,Unemployment_rate_Aged_16_17,23.1
100,1996 JUN,Unemployment_rate_16_over,8.2
101,1996 JUN,Unemployment_rate_Aged_16_17,23.7
102,1996 JUL,Unemployment_rate_16_over,8.1
103,1996 JUL,Unemployment_rate_Aged_16_17,23.8
104,1996 AUG,Unemployment_rate_16_over,8.1
105,1996 AUG,Unemployment_rate_Aged_16_17,24.6
106,1996 SEP,Unemployment_rate_16_over,8.1
107,1996 SEP,Unemployment_rate_Aged_16_17,25
108,1996 OCT,Unemployment_rate_16_over,8
109,1996 OCT,Unemployment_rate_Aged_16_17,25.2
110,1996 NOV,Unemployment_rate_16_over,7.8
111,1996 NOV,Unemployment_rate_Aged_16_17,25.2
112,1996 DEC,Unemployment_rate_16_over,7.7
113,1996 DEC,Unemployment_rate_Aged_16_17,26.1
114,1997 JAN,Unemployment_rate_16_over,7.5
115,1997 JAN,Unemployment_rate_Aged_16_17,25.5
116,1997 FEB,Unemployment_rate_16_over,7.3
117,1997 FEB,Unemployment_rate_Aged_16_17,24.5
118,1997 MAR,Unemployment_rate_16_over,7.2
119,1997 MAR,Unemployment_rate_Aged_16_17,23.7
120,1997 APR,Unemployment_rate_16_over,7.2
121,1997 APR,Unemployment_rate_Aged_16_17,22.7
122,1997 MAY,Unemployment_rate_16_over,7.2
123,1997 MAY,Unemployment_rate_Aged_16_17,23.1
124,1997 JUN,Unemployment_rate_16_over,7.3
125,1997 JUN,Unemployment_rate_Aged_16_17,24.3
126,1997 JUL,Unemployment_rate_16_over,7.1
127,1997 JUL,Unemployment_rate_Aged_16_17,23.2
128,1997 AUG,Unemployment_rate_16_over,6.8
129,1997 AUG,Unemployment_rate_Aged_16_17,20.7
130,1997 SEP,Unemployment_rate_16_over,6.7
131,1997 SEP,Unemployment_rate_Aged_16_17,20.7
132,1997 OCT,Unemployment_rate_16_over,6.6
133,1997 OCT,Unemployment_rate_Aged_16_17,22
134,1997 NOV,Unemployment_rate_16_over,6.5
135,1997 NOV,Unemployment_rate_Aged_16_17,21
136,1997 DEC,Unemployment_rate_16_over,6.4
137,1997 DEC,Unemployment_rate_Aged_16_17,21.3
138,1998 JAN,Unemployment_rate_16_over,6.4
139,1998 JAN,Unemployment_rate_Aged_16_17,23.4
140,1998 FEB,Unemployment_rate_16_over,6.4
141,1998 FEB,Unemployment_rate_Aged_16_17,23.6
142,1998 MAR,Unemployment_rate_16_over,6.3
143,1998 MAR,Unemployment_rate_Aged_16_17,23.1
144,1998 APR,Unemployment_rate_16_over,6.3
145,1998 APR,Unemployment_rate_Aged_16_17,22
146,1998 MAY,Unemployment_rate_16_over,6.3
147,1998 MAY,Unemployment_rate_Aged_16_17,23.5
148,1998 JUN,Unemployment_rate_16_over,6.3
149,1998 JUN,Unemployment_rate_Aged_16_17,23
150,1998 JUL,Unemployment_rate_16_over,6.3
151,1998 JUL,Unemployment_rate_Aged_16_17,22.3
152,1998 AUG,Unemployment_rate_16_over,6.2
153,1998 AUG,Unemployment_rate_Aged_16_17,21.5
154,1998 SEP,Unemployment_rate_16_over,6.2
155,1998 SEP,Unemployment_rate_Aged_16_17,22.3
156,1998 OCT,Unemployment_rate_16_over,6.2
157,1998 OCT,Unemployment_rate_Aged_16_17,24.5
158,1998 NOV,Unemployment_rate_16_over,6.1
159,1998 NOV,Unemployment_rate_Aged_16_17,24.8
160,1998 DEC,Unemployment_rate_16_over,6.2
161,1998 DEC,Unemployment_rate_Aged_16_17,25.5
162,1999 JAN,Unemployment_rate_16_over,6.2
163,1999 JAN,Unemployment_rate_Aged_16_17,24.4
164,1999 FEB,Unemployment_rate_16_over,6.2
165,1999 FEB,Unemployment_rate_Aged_16_17,24.6
166,1999 MAR,Unemployment_rate_16_over,6.2
167,1999 MAR,Unemployment_rate_Aged_16_17,24.8
168,1999 APR,Unemployment_rate_16_over,6.1
169,1999 APR,Unemployment_rate_Aged_16_17,24.3
170,1999 MAY,Unemployment_rate_16_over,6
171,1999 MAY,Unemployment_rate_Aged_16_17,24.5
172,1999 JUN,Unemployment_rate_16_over,6
173,1999 JUN,Unemployment_rate_Aged_16_17,24.8
174,1999 JUL,Unemployment_rate_16_over,5.9
175,1999 JUL,Unemployment_rate_Aged_16_17,26.2
176,1999 AUG,Unemployment_rate_16_over,5.9
177,1999 AUG,Unemployment_rate_Aged_16_17,25.1
178,1999 SEP,Unemployment_rate_16_over,5.8
179,1999 SEP,Unemployment_rate_Aged_16_17,24.7
180,1999 OCT,Unemployment_rate_16_over,5.8
181,1999 OCT,Unemployment_rate_Aged_16_17,23.8
182,1999 NOV,Unemployment_rate_16_over,5.8
183,1999 NOV,Unemployment_rate_Aged_16_17,23.9
184,1999 DEC,Unemployment_rate_16_over,5.9
185,1999 DEC,Unemployment_rate_Aged_16_17,22.8
186,2000 JAN,Unemployment_rate_16_over,5.8
187,2000 JAN,Unemployment_rate_Aged_16_17,24
188,2000 FEB,Unemployment_rate_16_over,5.8
189,2000 FEB,Unemployment_rate_Aged_16_17,23.7
190,2000 MAR,Unemployment_rate_16_over,5.7
191,2000 MAR,Unemployment_rate_Aged_16_17,25.7
192,2000 APR,Unemployment_rate_16_over,5.6
193,2000 APR,Unemployment_rate_Aged_16_17,25.8
194,2000 MAY,Unemployment_rate_16_over,5.5
195,2000 MAY,Unemployment_rate_Aged_16_17,24
196,2000 JUN,Unemployment_rate_16_over,5.3
197,2000 JUN,Unemployment_rate_Aged_16_17,23.6
198,2000 JUL,Unemployment_rate_16_over,5.3
199,2000 JUL,Unemployment_rate_Aged_16_17,24.4
200,2000 AUG,Unemployment_rate_16_over,5.3
201,2000 AUG,Unemployment_rate_Aged_16_17,26.6
202,2000 SEP,Unemployment_rate_16_over,5.4
203,2000 SEP,Unemployment_rate_Aged_16_17,26.3
204,2000 OCT,Unemployment_rate_16_over,5.3
205,2000 OCT,Unemployment_rate_Aged_16_17,27.3
206,2000 NOV,Unemployment_rate_16_over,5.2
207,2000 NOV,Unemployment_rate_Aged_16_17,24.9
208,2000 DEC,Unemployment_rate_16_over,5.2
209,2000 DEC,Unemployment_rate_Aged_16_17,24.5
210,2001 JAN,Unemployment_rate_16_over,5.2
211,2001 JAN,Unemployment_rate_Aged_16_17,25.4
212,2001 FEB,Unemployment_rate_16_over,5.1
213,2001 FEB,Unemployment_rate_Aged_16_17,24.7
214,2001 MAR,Unemployment_rate_16_over,5
215,2001 MAR,Unemployment_rate_Aged_16_17,23.7
216,2001 APR,Unemployment_rate_16_over,4.9
217,2001 APR,Unemployment_rate_Aged_16_17,23.6
218,2001 MAY,Unemployment_rate_16_over,5
219,2001 MAY,Unemployment_rate_Aged_16_17,24.3
220,2001 JUN,Unemployment_rate_16_over,5
221,2001 JUN,Unemployment_rate_Aged_16_17,25
222,2001 JUL,Unemployment_rate_16_over,5.1
223,2001 JUL,Unemployment_rate_Aged_16_17,25
224,2001 AUG,Unemployment_rate_16_over,5.1
225,2001 AUG,Unemployment_rate_Aged_16_17,24.6
226,2001 SEP,Unemployment_rate_16_over,5.1
227,2001 SEP,Unemployment_rate_Aged_16_17,24.2
228,2001 OCT,Unemployment_rate_16_over,5.1
229,2001 OCT,Unemployment_rate_Aged_16_17,24.8
230,2001 NOV,Unemployment_rate_16_over,5.2
231,2001 NOV,Unemployment_rate_Aged_16_17,24.4
232,2001 DEC,Unemployment_rate_16_over,5.2
233,2001 DEC,Unemployment_rate_Aged_16_17,24.3
234,2002 JAN,Unemployment_rate_16_over,5.1
235,2002 JAN,Unemployment_rate_Aged_16_17,25.9
236,2002 FEB,Unemployment_rate_16_over,5.2
237,2002 FEB,Unemployment_rate_Aged_16_17,26.6
238,2002 MAR,Unemployment_rate_16_over,5.2
239,2002 MAR,Unemployment_rate_Aged_16_17,27.4
240,2002 APR,Unemployment_rate_16_over,5.2
241,2002 APR,Unemployment_rate_Aged_16_17,26.8
242,2002 MAY,Unemployment_rate_16_over,5.2
243,2002 MAY,Unemployment_rate_Aged_16_17,27.8
244,2002 JUN,Unemployment_rate_16_over,5.2
245,2002 JUN,Unemployment_rate_Aged_16_17,27.3
246,2002 JUL,Unemployment_rate_16_over,5.2
247,2002 JUL,Unemployment_rate_Aged_16_17,27.3
248,2002 AUG,Unemployment_rate_16_over,5.3
249,2002 AUG,Unemployment_rate_Aged_16_17,27.4
250,2002 SEP,Unemployment_rate_16_over,5.2
251,2002 SEP,Unemployment_rate_Aged_16_17,27.8
252,2002 OCT,Unemployment_rate_16_over,5.2
253,2002 OCT,Unemployment_rate_Aged_16_17,28.5
254,2002 NOV,Unemployment_rate_16_over,5.1
255,2002 NOV,Unemployment_rate_Aged_16_17,29.6
256,2002 DEC,Unemployment_rate_16_over,5
257,2002 DEC,Unemployment_rate_Aged_16_17,29.4
258,2003 JAN,Unemployment_rate_16_over,5.1
259,2003 JAN,Unemployment_rate_Aged_16_17,29.1
260,2003 FEB,Unemployment_rate_16_over,5.2
261,2003 FEB,Unemployment_rate_Aged_16_17,28.4
262,2003 MAR,Unemployment_rate_16_over,5.1
263,2003 MAR,Unemployment_rate_Aged_16_17,28.8
264,2003 APR,Unemployment_rate_16_over,5
265,2003 APR,Unemployment_rate_Aged_16_17,28.9
266,2003 MAY,Unemployment_rate_16_over,4.9
267,2003 MAY,Unemployment_rate_Aged_16_17,28.2
268,2003 JUN,Unemployment_rate_16_over,5.1
269,2003 JUN,Unemployment_rate_Aged_16_17,26.8
270,2003 JUL,Unemployment_rate_16_over,5.1
271,2003 JUL,Unemployment_rate_Aged_16_17,26.5
272,2003 AUG,Unemployment_rate_16_over,5
273,2003 AUG,Unemployment_rate_Aged_16_17,26.3
274,2003 SEP,Unemployment_rate_16_over,5
275,2003 SEP,Unemployment_rate_Aged_16_17,26
276,2003 OCT,Unemployment_rate_16_over,4.9
277,2003 OCT,Unemployment_rate_Aged_16_17,25.9
278,2003 NOV,Unemployment_rate_16_over,4.9
279,2003 NOV,Unemployment_rate_Aged_16_17,25.8
280,2003 DEC,Unemployment_rate_16_over,4.8
281,2003 DEC,Unemployment_rate_Aged_16_17,26
282,2004 JAN,Unemployment_rate_16_over,4.8
283,2004 JAN,Unemployment_rate_Aged_16_17,26.6
284,2004 FEB,Unemployment_rate_16_over,4.8
285,2004 FEB,Unemployment_rate_Aged_16_17,26.6
286,2004 MAR,Unemployment_rate_16_over,4.8
287,2004 MAR,Unemployment_rate_Aged_16_17,28.5
288,2004 APR,Unemployment_rate_16_over,4.8
289,2004 APR,Unemployment_rate_Aged_16_17,27.1
290,2004 MAY,Unemployment_rate_16_over,4.8
291,2004 MAY,Unemployment_rate_Aged_16_17,27.4
292,2004 JUN,Unemployment_rate_16_over,4.8
293,2004 JUN,Unemployment_rate_Aged_16_17,27.9
294,2004 JUL,Unemployment_rate_16_over,4.7
295,2004 JUL,Unemployment_rate_Aged_16_17,28.6
296,2004 AUG,Unemployment_rate_16_over,4.7
297,2004 AUG,Unemployment_rate_Aged_16_17,30.4
298,2004 SEP,Unemployment_rate_16_over,4.7
299,2004 SEP,Unemployment_rate_Aged_16_17,29.8
300,2004 OCT,Unemployment_rate_16_over,4.7
301,2004 OCT,Unemployment_rate_Aged_16_17,29.8
302,2004 NOV,Unemployment_rate_16_over,4.7
303,2004 NOV,Unemployment_rate_Aged_16_17,28.8
304,2004 DEC,Unemployment_rate_16_over,4.7
305,2004 DEC,Unemployment_rate_Aged_16_17,29
306,2005 JAN,Unemployment_rate_16_over,4.8
307,2005 JAN,Unemployment_rate_Aged_16_17,28.2
308,2005 FEB,Unemployment_rate_16_over,4.7
309,2005 FEB,Unemployment_rate_Aged_16_17,27.9
310,2005 MAR,Unemployment_rate_16_over,4.7
311,2005 MAR,Unemployment_rate_Aged_16_17,27.5
312,2005 APR,Unemployment_rate_16_over,4.8
313,2005 APR,Unemployment_rate_Aged_16_17,26.8
314,2005 MAY,Unemployment_rate_16_over,4.8
315,2005 MAY,Unemployment_rate_Aged_16_17,28.6
316,2005 JUN,Unemployment_rate_16_over,4.7
317,2005 JUN,Unemployment_rate_Aged_16_17,29.8
318,2005 JUL,Unemployment_rate_16_over,4.7
319,2005 JUL,Unemployment_rate_Aged_16_17,30.1
320,2005 AUG,Unemployment_rate_16_over,4.7
321,2005 AUG,Unemployment_rate_Aged_16_17,30.7
322,2005 SEP,Unemployment_rate_16_over,4.9
323,2005 SEP,Unemployment_rate_Aged_16_17,33
324,2005 OCT,Unemployment_rate_16_over,5.1
325,2005 OCT,Unemployment_rate_Aged_16_17,32.3
326,2005 NOV,Unemployment_rate_16_over,5.1
327,2005 NOV,Unemployment_rate_Aged_16_17,33.8
328,2005 DEC,Unemployment_rate_16_over,5.1
329,2005 DEC,Unemployment_rate_Aged_16_17,33.9
330,2006 JAN,Unemployment_rate_16_over,5.2
331,2006 JAN,Unemployment_rate_Aged_16_17,32.6
332,2006 FEB,Unemployment_rate_16_over,5.2
333,2006 FEB,Unemployment_rate_Aged_16_17,31.4
334,2006 MAR,Unemployment_rate_16_over,5.3
335,2006 MAR,Unemployment_rate_Aged_16_17,30.5
336,2006 APR,Unemployment_rate_16_over,5.4
337,2006 APR,Unemployment_rate_Aged_16_17,30.5
338,2006 MAY,Unemployment_rate_16_over,5.5
339,2006 MAY,Unemployment_rate_Aged_16_17,30.9
340,2006 JUN,Unemployment_rate_16_over,5.5
341,2006 JUN,Unemployment_rate_Aged_16_17,31.5
342,2006 JUL,Unemployment_rate_16_over,5.5
343,2006 JUL,Unemployment_rate_Aged_16_17,31
344,2006 AUG,Unemployment_rate_16_over,5.5
345,2006 AUG,Unemployment_rate_Aged_16_17,33
346,2006 SEP,Unemployment_rate_16_over,5.5
347,2006 SEP,Unemployment_rate_Aged_16_17,32.1
348,2006 OCT,Unemployment_rate_16_over,5.4
349,2006 OCT,Unemployment_rate_Aged_16_17,30.1
350,2006 NOV,Unemployment_rate_16_over,5.5
351,2006 NOV,Unemployment_rate_Aged_16_17,28.6
352,2006 DEC,Unemployment_rate_16_over,5.5
353,2006 DEC,Unemployment_rate_Aged_16_17,29.8
354,2007 JAN,Unemployment_rate_16_over,5.5
355,2007 JAN,Unemployment_rate_Aged_16_17,30.5
356,2007 FEB,Unemployment_rate_16_over,5.5
357,2007 FEB,Unemployment_rate_Aged_16_17,31.3
358,2007 MAR,Unemployment_rate_16_over,5.5
359,2007 MAR,Unemployment_rate_Aged_16_17,32
360,2007 APR,Unemployment_rate_16_over,5.4
361,2007 APR,Unemployment_rate_Aged_16_17,32.4
362,2007 MAY,Unemployment_rate_16_over,5.4
363,2007 MAY,Unemployment_rate_Aged_16_17,33.1
364,2007 JUN,Unemployment_rate_16_over,5.3
365,2007 JUN,Unemployment_rate_Aged_16_17,32.8
366,2007 JUL,Unemployment_rate_16_over,5.3
367,2007 JUL,Unemployment_rate_Aged_16_17,29.7
368,2007 AUG,Unemployment_rate_16_over,5.3
369,2007 AUG,Unemployment_rate_Aged_16_17,30.1
370,2007 SEP,Unemployment_rate_16_over,5.2
371,2007 SEP,Unemployment_rate_Aged_16_17,30.5
372,2007 OCT,Unemployment_rate_16_over,5.2
373,2007 OCT,Unemployment_rate_Aged_16_17,30.6
374,2007 NOV,Unemployment_rate_16_over,5.2
375,2007 NOV,Unemployment_rate_Aged_16_17,29.6
376,2007 DEC,Unemployment_rate_16_over,5.2
377,2007 DEC,Unemployment_rate_Aged_16_17,29.3
378,2008 JAN,Unemployment_rate_16_over,5.2
379,2008 JAN,Unemployment_rate_Aged_16_17,28.2
380,2008 FEB,Unemployment_rate_16_over,5.2
381,2008 FEB,Unemployment_rate_Aged_16_17,27.2
382,2008 MAR,Unemployment_rate_16_over,5.3
383,2008 MAR,Unemployment_rate_Aged_16_17,28.7
384,2008 APR,Unemployment_rate_16_over,5.2
385,2008 APR,Unemployment_rate_Aged_16_17,27.8
386,2008 MAY,Unemployment_rate_16_over,5.4
387,2008 MAY,Unemployment_rate_Aged_16_17,30.3
388,2008 JUN,Unemployment_rate_16_over,5.5
389,2008 JUN,Unemployment_rate_Aged_16_17,31.2
390,2008 JUL,Unemployment_rate_16_over,5.7
391,2008 JUL,Unemployment_rate_Aged_16_17,32.9
392,2008 AUG,Unemployment_rate_16_over,5.9
393,2008 AUG,Unemployment_rate_Aged_16_17,32.2
394,2008 SEP,Unemployment_rate_16_over,6
395,2008 SEP,Unemployment_rate_Aged_16_17,33.9
396,2008 OCT,Unemployment_rate_16_over,6.2
397,2008 OCT,Unemployment_rate_Aged_16_17,33.5
398,2008 NOV,Unemployment_rate_16_over,6.4
399,2008 NOV,Unemployment_rate_Aged_16_17,33.2
400,2008 DEC,Unemployment_rate_16_over,6.5
401,2008 DEC,Unemployment_rate_Aged_16_17,33.4
402,2009 JAN,Unemployment_rate_16_over,6.7
403,2009 JAN,Unemployment_rate_Aged_16_17,33.9
404,2009 FEB,Unemployment_rate_16_over,7.1
405,2009 FEB,Unemployment_rate_Aged_16_17,34.7
406,2009 MAR,Unemployment_rate_16_over,7.3
407,2009 MAR,Unemployment_rate_Aged_16_17,35.2
408,2009 APR,Unemployment_rate_16_over,7.6
409,2009 APR,Unemployment_rate_Aged_16_17,34.9
410,2009 MAY,Unemployment_rate_16_over,7.8
411,2009 MAY,Unemployment_rate_Aged_16_17,36.8
412,2009 JUN,Unemployment_rate_16_over,7.9
413,2009 JUN,Unemployment_rate_Aged_16_17,38.9
414,2009 JUL,Unemployment_rate_16_over,7.9
415,2009 JUL,Unemployment_rate_Aged_16_17,37.7
416,2009 AUG,Unemployment_rate_16_over,7.8
417,2009 AUG,Unemployment_rate_Aged_16_17,34.2
418,2009 SEP,Unemployment_rate_16_over,7.9
419,2009 SEP,Unemployment_rate_Aged_16_17,36.6
420,2009 OCT,Unemployment_rate_16_over,7.8
421,2009 OCT,Unemployment_rate_Aged_16_17,39.4
422,2009 NOV,Unemployment_rate_16_over,7.8
423,2009 NOV,Unemployment_rate_Aged_16_17,39.4
424,2009 DEC,Unemployment_rate_16_over,7.7
425,2009 DEC,Unemployment_rate_Aged_16_17,40.3
426,2010 JAN,Unemployment_rate_16_over,7.9
427,2010 JAN,Unemployment_rate_Aged_16_17,38.7
428,2010 FEB,Unemployment_rate_16_over,8
429,2010 FEB,Unemployment_rate_Aged_16_17,39
430,2010 MAR,Unemployment_rate_16_over,8
431,2010 MAR,Unemployment_rate_Aged_16_17,40.4
432,2010 APR,Unemployment_rate_16_over,7.9
433,2010 APR,Unemployment_rate_Aged_16_17,37.5
434,2010 MAY,Unemployment_rate_16_over,7.9
435,2010 MAY,Unemployment_rate_Aged_16_17,35.8
436,2010 JUN,Unemployment_rate_16_over,7.8
437,2010 JUN,Unemployment_rate_Aged_16_17,36.4
438,2010 JUL,Unemployment_rate_16_over,7.8
439,2010 JUL,Unemployment_rate_Aged_16_17,38.2
440,2010 AUG,Unemployment_rate_16_over,7.8
441,2010 AUG,Unemployment_rate_Aged_16_17,37.7
442,2010 SEP,Unemployment_rate_16_over,7.9
443,2010 SEP,Unemployment_rate_Aged_16_17,41.6
444,2010 OCT,Unemployment_rate_16_over,7.9
445,2010 OCT,Unemployment_rate_Aged_16_17,39.9
446,2010 NOV,Unemployment_rate_16_over,7.9
447,2010 NOV,Unemployment_rate_Aged_16_17,39.6
448,2010 DEC,Unemployment_rate_16_over,7.9
449,2010 DEC,Unemployment_rate_Aged_16_17,39.9
450,2011 JAN,Unemployment_rate_16_over,7.8
451,2011 JAN,Unemployment_rate_Aged_16_17,39.5
452,2011 FEB,Unemployment_rate_16_over,7.8
453,2011 FEB,Unemployment_rate_Aged_16_17,41.5
454,2011 MAR,Unemployment_rate_16_over,7.7
455,2011 MAR,Unemployment_rate_Aged_16_17,41.9
456,2011 APR,Unemployment_rate_16_over,7.8
457,2011 APR,Unemployment_rate_Aged_16_17,41.2
458,2011 MAY,Unemployment_rate_16_over,7.9
459,2011 MAY,Unemployment_rate_Aged_16_17,40.8
460,2011 JUN,Unemployment_rate_16_over,8
461,2011 JUN,Unemployment_rate_Aged_16_17,44.1
462,2011 JUL,Unemployment_rate_16_over,8.2
463,2011 JUL,Unemployment_rate_Aged_16_17,43.1
464,2011 AUG,Unemployment_rate_16_over,8.3
465,2011 AUG,Unemployment_rate_Aged_16_17,44.8
466,2011 SEP,Unemployment_rate_16_over,8.4
467,2011 SEP,Unemployment_rate_Aged_16_17,41.7
468,2011 OCT,Unemployment_rate_16_over,8.5
469,2011 OCT,Unemployment_rate_Aged_16_17,41.9
470,2011 NOV,Unemployment_rate_16_over,8.4
471,2011 NOV,Unemployment_rate_Aged_16_17,39.4
472,2011 DEC,Unemployment_rate_16_over,8.4
473,2011 DEC,Unemployment_rate_Aged_16_17,43.7
474,2012 JAN,Unemployment_rate_16_over,8.3
475,2012 JAN,Unemployment_rate_Aged_16_17,43.4
476,2012 FEB,Unemployment_rate_16_over,8.2
477,2012 FEB,Unemployment_rate_Aged_16_17,40.6
478,2012 MAR,Unemployment_rate_16_over,8.2
479,2012 MAR,Unemployment_rate_Aged_16_17,41.5
480,2012 APR,Unemployment_rate_16_over,8.1
481,2012 APR,Unemployment_rate_Aged_16_17,39.1
482,2012 MAY,Unemployment_rate_16_over,8
483,2012 MAY,Unemployment_rate_Aged_16_17,40.7
484,2012 JUN,Unemployment_rate_16_over,8
485,2012 JUN,Unemployment_rate_Aged_16_17,40.1
486,2012 JUL,Unemployment_rate_16_over,7.9
487,2012 JUL,Unemployment_rate_Aged_16_17,38
488,2012 AUG,Unemployment_rate_16_over,7.9
489,2012 AUG,Unemployment_rate_Aged_16_17,34.3
490,2012 SEP,Unemployment_rate_16_over,7.9
491,2012 SEP,Unemployment_rate_Aged_16_17,39
492,2012 OCT,Unemployment_rate_16_over,7.8
493,2012 OCT,Unemployment_rate_Aged_16_17,36.8
494,2012 NOV,Unemployment_rate_16_over,7.8
495,2012 NOV,Unemployment_rate_Aged_16_17,35.6
496,2012 DEC,Unemployment_rate_16_over,7.8
497,2012 DEC,Unemployment_rate_Aged_16_17,35.7
498,2013 JAN,Unemployment_rate_16_over,8
499,2013 JAN,Unemployment_rate_Aged_16_17,39.7
500,2013 FEB,Unemployment_rate_16_over,7.8
501,2013 FEB,Unemployment_rate_Aged_16_17,41.3
502,2013 MAR,Unemployment_rate_16_over,7.8
503,2013 MAR,Unemployment_rate_Aged_16_17,38.7
504,2013 APR,Unemployment_rate_16_over,7.8
505,2013 APR,Unemployment_rate_Aged_16_17,41.2
506,2013 MAY,Unemployment_rate_16_over,7.7
507,2013 MAY,Unemployment_rate_Aged_16_17,39.8
508,2013 JUN,Unemployment_rate_16_over,7.7
509,2013 JUN,Unemployment_rate_Aged_16_17,40.6
510,2013 JUL,Unemployment_rate_16_over,7.7
511,2013 JUL,Unemployment_rate_Aged_16_17,35.6
512,2013 AUG,Unemployment_rate_16_over,7.6
513,2013 AUG,Unemployment_rate_Aged_16_17,33.2
514,2013 SEP,Unemployment_rate_16_over,7.4
515,2013 SEP,Unemployment_rate_Aged_16_17,34.4
516,2013 OCT,Unemployment_rate_16_over,7.2
517,2013 OCT,Unemployment_rate_Aged_16_17,36.5
518,2013 NOV,Unemployment_rate_16_over,7.2
519,2013 NOV,Unemployment_rate_Aged_16_17,37.1
520,2013 DEC,Unemployment_rate_16_over,7.2
521,2013 DEC,Unemployment_rate_Aged_16_17,36.5
522,2014 JAN,Unemployment_rate_16_over,6.9
523,2014 JAN,Unemployment_rate_Aged_16_17,34
524,2014 FEB,Unemployment_rate_16_over,6.8
525,2014 FEB,Unemployment_rate_Aged_16_17,30.5
526,2014 MAR,Unemployment_rate_16_over,6.6
527,2014 MAR,Unemployment_rate_Aged_16_17,28.5
528,2014 APR,Unemployment_rate_16_over,6.4
529,2014 APR,Unemployment_rate_Aged_16_17,28.7
530,2014 MAY,Unemployment_rate_16_over,6.3
531,2014 MAY,Unemployment_rate_Aged_16_17,28.1
532,2014 JUN,Unemployment_rate_16_over,6.1
533,2014 JUN,Unemployment_rate_Aged_16_17,31.2
534,2014 JUL,Unemployment_rate_16_over,6
535,2014 JUL,Unemployment_rate_Aged_16_17,29.7
536,2014 AUG,Unemployment_rate_16_over,6
537,2014 AUG,Unemployment_rate_Aged_16_17,30.5
538,2014 SEP,Unemployment_rate_16_over,6
539,2014 SEP,Unemployment_rate_Aged_16_17,31
540,2014 OCT,Unemployment_rate_16_over,5.9
541,2014 OCT,Unemployment_rate_Aged_16_17,31.4
542,2014 NOV,Unemployment_rate_16_over,5.7
543,2014 NOV,Unemployment_rate_Aged_16_17,29.4
544,2014 DEC,Unemployment_rate_16_over,5.7
545,2014 DEC,Unemployment_rate_Aged_16_17,28.9
546,2015 JAN,Unemployment_rate_16_over,5.6
547,2015 JAN,Unemployment_rate_Aged_16_17,30.3
548,2015 FEB,Unemployment_rate_16_over,5.5
549,2015 FEB,Unemployment_rate_Aged_16_17,29.6
550,2015 MAR,Unemployment_rate_16_over,5.5
551,2015 MAR,Unemployment_rate_Aged_16_17,30.5
552,2015 APR,Unemployment_rate_16_over,5.6
553,2015 APR,Unemployment_rate_Aged_16_17,28.9
554,2015 MAY,Unemployment_rate_16_over,5.6
555,2015 MAY,Unemployment_rate_Aged_16_17,30.4
556,2015 JUN,Unemployment_rate_16_over,5.5
557,2015 JUN,Unemployment_rate_Aged_16_17,28.5
558,2015 JUL,Unemployment_rate_16_over,5.4
559,2015 JUL,Unemployment_rate_Aged_16_17,30.5
560,2015 AUG,Unemployment_rate_16_over,5.3
561,2015 AUG,Unemployment_rate_Aged_16_17,30.5
562,2015 SEP,Unemployment_rate_16_over,5.2
563,2015 SEP,Unemployment_rate_Aged_16_17,31
564,2015 OCT,Unemployment_rate_16_over,5.1
565,2015 OCT,Unemployment_rate_Aged_16_17,28.7
566,2015 NOV,Unemployment_rate_16_over,5.1
567,2015 NOV,Unemployment_rate_Aged_16_17,30.5
568,2015 DEC,Unemployment_rate_16_over,5.1
569,2015 DEC,Unemployment_rate_Aged_16_17,33
570,2016 JAN,Unemployment_rate_16_over,5.1
571,2016 JAN,Unemployment_rate_Aged_16_17,32.6
572,2016 FEB,Unemployment_rate_16_over,5.1
573,2016 FEB,Unemployment_rate_Aged_16_17,30.1
574,2016 MAR,Unemployment_rate_16_over,5
575,2016 MAR,Unemployment_rate_Aged_16_17,30
576,2016 APR,Unemployment_rate_16_over,4.9
577,2016 APR,Unemployment_rate_Aged_16_17,30
578,2016 MAY,Unemployment_rate_16_over,4.9
579,2016 MAY,Unemployment_rate_Aged_16_17,29.3
580,2016 JUN,Unemployment_rate_16_over,4.9
581,2016 JUN,Unemployment_rate_Aged_16_17,31.8
582,2016 JUL,Unemployment_rate_16_over,5
583,2016 JUL,Unemployment_rate_Aged_16_17,35.8
584,2016 AUG,Unemployment_rate_16_over,4.8
585,2016 AUG,Unemployment_rate_Aged_16_17,34.5
586,2016 SEP,Unemployment_rate_16_over,4.8
587,2016 SEP,Unemployment_rate_Aged_16_17,35.9
588,2016 OCT,Unemployment_rate_16_over,4.8
589,2016 OCT,Unemployment_rate_Aged_16_17,31.4
590,2016 NOV,Unemployment_rate_16_over,4.7
591,2016 NOV,Unemployment_rate_Aged_16_17,29.2
592,2016 DEC,Unemployment_rate_16_over,4.7
593,2016 DEC,Unemployment_rate_Aged_16_17,27
594,2017 JAN,Unemployment_rate_16_over,4.6
595,2017 JAN,Unemployment_rate_Aged_16_17,30.2
596,2017 FEB,Unemployment_rate_16_over,4.6
597,2017 FEB,Unemployment_rate_Aged_16_17,30.2
598,2017 MAR,Unemployment_rate_16_over,4.5
599,2017 MAR,Unemployment_rate_Aged_16_17,27.8
600,2017 APR,Unemployment_rate_16_over,4.4
601,2017 APR,Unemployment_rate_Aged_16_17,28.1
602,2017 MAY,Unemployment_rate_16_over,4.4
603,2017 MAY,Unemployment_rate_Aged_16_17,31
604,2017 JUN,Unemployment_rate_16_over,4.3
605,2017 JUN,Unemployment_rate_Aged_16_17,33.5
606,2017 JUL,Unemployment_rate_16_over,4.3
607,2017 JUL,Unemployment_rate_Aged_16_17,30.3
608,2017 AUG,Unemployment_rate_16_over,4.3
609,2017 AUG,Unemployment_rate_Aged_16_17,29
610,2017 SEP,Unemployment_rate_16_over,4.2
611,2017 SEP,Unemployment_rate_Aged_16_17,29.4
612,2017 OCT,Unemployment_rate_16_over,4.3
613,2017 OCT,Unemployment_rate_Aged_16_17,29.9
614,2017 NOV,Unemployment_rate_16_over,4.4
615,2017 NOV,Unemployment_rate_Aged_16_17,30.9
616,2017 DEC,Unemployment_rate_16_over,4.3
617,2017 DEC,Unemployment_rate_Aged_16_17,29.9
618,2018 JAN,Unemployment_rate_16_over,4.2
619,2018 JAN,Unemployment_rate_Aged_16_17,29.3
620,2018 FEB,Unemployment_rate_16_over,4.2
621,2018 FEB,Unemployment_rate_Aged_16_17,30.4
622,2018 MAR,Unemployment_rate_16_over,4.2
623,2018 MAR,Unemployment_rate_Aged_16_17,26.5
624,2018 APR,Unemployment_rate_16_over,4.2
625,2018 APR,Unemployment_rate_Aged_16_17,25.2
626,2018 MAY,Unemployment_rate_16_over,4
627,2018 MAY,Unemployment_rate_Aged_16_17,21.5
628,2018 JUN,Unemployment_rate_16_over,4
629,2018 JUN,Unemployment_rate_Aged_16_17,20.2
630,2018 JUL,Unemployment_rate_16_over,4
631,2018 JUL,Unemployment_rate_Aged_16_17,16.5
632,2018 AUG,Unemployment_rate_16_over,4.1
633,2018 AUG,Unemployment_rate_Aged_16_17,16.2
634,2018 SEP,Unemployment_rate_16_over,4.1
635,2018 SEP,Unemployment_rate_Aged_16_17,24.6
636,2018 OCT,Unemployment_rate_16_over,4
637,2018 OCT,Unemployment_rate_Aged_16_17,31.6
638,2018 NOV,Unemployment_rate_16_over,4
639,2018 NOV,Unemployment_rate_Aged_16_17,29.5
640,2018 DEC,Unemployment_rate_16_over,3.9
641,2018 DEC,Unemployment_rate_Aged_16_17,24.2
642,2019 JAN,Unemployment_rate_16_over,3.9
643,2019 JAN,Unemployment_rate_Aged_16_17,20.2
644,2019 FEB,Unemployment_rate_16_over,3.8
645,2019 FEB,Unemployment_rate_Aged_16_17,20.1
646,2019 MAR,Unemployment_rate_16_over,3.8
647,2019 MAR,Unemployment_rate_Aged_16_17,20.2
648,2019 APR,Unemployment_rate_16_over,3.8
649,2019 APR,Unemployment_rate_Aged_16_17,19.8
650,2019 MAY,Unemployment_rate_16_over,3.9
651,2019 MAY,Unemployment_rate_Aged_16_17,19.5
652,2019 JUN,Unemployment_rate_16_over,3.8
653,2019 JUN,Unemployment_rate_Aged_16_17,20.6
654,2019 JUL,Unemployment_rate_16_over,3.9
655,2019 JUL,Unemployment_rate_Aged_16_17,24.2
656,2019 AUG,Unemployment_rate_16_over,3.8
657,2019 AUG,Unemployment_rate_Aged_16_17,23.4
658,2019 SEP,Unemployment_rate_16_over,3.8
659,2019 SEP,Unemployment_rate_Aged_16_17,25.4
660,2019 OCT,Unemployment_rate_16_over,3.8
661,2019 OCT,Unemployment_rate_Aged_16_17,26.9
662,2019 NOV,Unemployment_rate_16_over,3.8
663,2019 NOV,Unemployment_rate_Aged_16_17,28.9
664,2019 DEC,Unemployment_rate_16_over,3.9
665,2019 DEC,Unemployment_rate_Aged_16_17,32.4
666,2020 JAN,Unemployment_rate_16_over,4
667,2020 JAN,Unemployment_rate_Aged_16_17,34.5
668,2020 FEB,Unemployment_rate_16_over,4
669,2020 FEB,Unemployment_rate_Aged_16_17,33.6
670,2020 MAR,Unemployment_rate_16_over,4.1
671,2020 MAR,Unemployment_rate_Aged_16_17,33.6
672,2020 APR,Unemployment_rate_16_over,4.1
673,2020 APR,Unemployment_rate_Aged_16_17,29.8
674,2020 MAY,Unemployment_rate_16_over,4.1
675,2020 MAY,Unemployment_rate_Aged_16_17,34.7
676,2020 JUN,Unemployment_rate_16_over,4.3
677,2020 JUN,Unemployment_rate_Aged_16_17,33.4
678,2020 JUL,Unemployment_rate_16_over,4.6
679,2020 JUL,Unemployment_rate_Aged_16_17,35
680,2020 AUG,Unemployment_rate_16_over,4.9
681,2020 AUG,Unemployment_rate_Aged_16_17,28.7
682,2020 SEP,Unemployment_rate_16_over,5.1
683,2020 SEP,Unemployment_rate_Aged_16_17,29.4
684,2020 OCT,Unemployment_rate_16_over,5.1
685,2020 OCT,Unemployment_rate_Aged_16_17,22.1
686,2020 NOV,Unemployment_rate_16_over,5.2
687,2020 NOV,Unemployment_rate_Aged_16_17,22.5
688,2020 DEC,Unemployment_rate_16_over,5.1
689,2020 DEC,Unemployment_rate_Aged_16_17,22.8
690,2021 JAN,Unemployment_rate_16_over,5.1
691,2021 JAN,Unemployment_rate_Aged_16_17,24.5
692,2021 FEB,Unemployment_rate_16_over,4.9
693,2021 FEB,Unemployment_rate_Aged_16_17,26.7
694,2021 MAR,Unemployment_rate_16_over,4.9
695,2021 MAR,Unemployment_rate_Aged_16_17,29.9
696,2021 APR,Unemployment_rate_16_over,4.9
697,2021 APR,Unemployment_rate_Aged_16_17,30.8
698,2021 MAY,Unemployment_rate_16_over,4.7
699,2021 MAY,Unemployment_rate_Aged_16_17,31.2
700,2021 JUN,Unemployment_rate_16_over,4.6
701,2021 JUN,Unemployment_rate_Aged_16_17,30.9
702,2021 JUL,Unemployment_rate_16_over,4.4
703,2021 JUL,Unemployment_rate_Aged_16_17,25
704,2021 AUG,Unemployment_rate_16_over,4.3
705,2021 AUG,Unemployment_rate_Aged_16_17,19.7
706,2021 SEP,Unemployment_rate_16_over,4.2
707,2021 SEP,Unemployment_rate_Aged_16_17,23.3
708,2021 OCT,Unemployment_rate_16_over,4.1
709,2021 OCT,Unemployment_rate_Aged_16_17,28.6
710,2021 NOV,Unemployment_rate_16_over,4
711,2021 NOV,Unemployment_rate_Aged_16_17,25.4
712,2021 DEC,Unemployment_rate_16_over,4
713,2021 DEC,Unemployment_rate_Aged_16_17,29.8
714,2022 JAN,Unemployment_rate_16_over,3.8
715,2022 JAN,Unemployment_rate_Aged_16_17,24.6
716,2022 FEB,Unemployment_rate_16_over,3.7
717,2022 FEB,Unemployment_rate_Aged_16_17,29.4
718,2022 MAR,Unemployment_rate_16_over,3.8
719,2022 MAR,Unemployment_rate_Aged_16_17,28.8
720,2022 APR,Unemployment_rate_16_over,3.8
721,2022 APR,Unemployment_rate_Aged_16_17,25
722,2022 MAY,Unemployment_rate_16_over,3.8
723,2022 MAY,Unemployment_rate_Aged_16_17,23.6
724,2022 JUN,Unemployment_rate_16_over,3.6
725,2022 JUN,Unemployment_rate_Aged_16_17,23.1
726,2022 JUL,Unemployment_rate_16_over,3.5
727,2022 JUL,Unemployment_rate_Aged_16_17,23.3
728,2022 AUG,Unemployment_rate_16_over,3.6
729,2022 AUG,Unemployment_rate_Aged_16_17,21.9
730,2022 SEP,Unemployment_rate_16_over,3.7
731,2022 SEP,Unemployment_rate_Aged_16_17,17.1
